restaurant_id,review_code,review_rating
0UkFnByd1lSNXJozzj493g,2022-09-24,3.75
0UkFnByd1lSNXJozzj493g,2022-10-01,3.75
0UkFnByd1lSNXJozzj493g,2022-10-08,3.6666666666666665
0UkFnByd1lSNXJozzj493g,2022-10-15,4.666666666666667
0UkFnByd1lSNXJozzj493g,2022-10-22,3.5714285714285716
0UkFnByd1lSNXJozzj493g,2022-10-29,3.875
0UkFnByd1lSNXJozzj493g,2022-11-05,3.4
0UkFnByd1lSNXJozzj493g,2022-11-12,3.0
0UkFnByd1lSNXJozzj493g,2022-11-19,5.0
0UkFnByd1lSNXJozzj493g,2022-11-26,5.0
0UkFnByd1lSNXJozzj493g,2022-12-03,5.0
0UkFnByd1lSNXJozzj493g,2022-12-10,3.5
0UkFnByd1lSNXJozzj493g,2022-12-17,3.5
0UkFnByd1lSNXJozzj493g,2022-12-24,1.0
0UkFnByd1lSNXJozzj493g,2023-01-07,5.0
0UkFnByd1lSNXJozzj493g,2023-01-14,3.0
0UkFnByd1lSNXJozzj493g,2023-01-21,1.0
0UkFnByd1lSNXJozzj493g,2023-01-28,3.6666666666666665
0UkFnByd1lSNXJozzj493g,2023-02-11,4.5
0UkFnByd1lSNXJozzj493g,2023-03-04,2.6666666666666665
0UkFnByd1lSNXJozzj493g,2023-03-25,4.5
0UkFnByd1lSNXJozzj493g,2023-04-01,2.0
0UkFnByd1lSNXJozzj493g,2023-04-29,4.0
0UkFnByd1lSNXJozzj493g,2023-05-06,1.0
0UkFnByd1lSNXJozzj493g,2023-05-13,5.0
0UkFnByd1lSNXJozzj493g,2023-05-27,3.25
0UkFnByd1lSNXJozzj493g,2023-06-03,3.0
0UkFnByd1lSNXJozzj493g,2023-06-10,4.0
0UkFnByd1lSNXJozzj493g,2023-06-17,5.0
0UkFnByd1lSNXJozzj493g,2023-06-24,3.0
0UkFnByd1lSNXJozzj493g,2023-07-08,4.0
0UkFnByd1lSNXJozzj493g,2023-07-22,4.5
0UkFnByd1lSNXJozzj493g,2023-07-29,5.0
0UkFnByd1lSNXJozzj493g,2023-08-05,5.0
0UkFnByd1lSNXJozzj493g,2023-08-12,1.5
0UkFnByd1lSNXJozzj493g,2023-08-19,1.0
0UkFnByd1lSNXJozzj493g,2023-08-26,4.5
0UkFnByd1lSNXJozzj493g,2023-09-02,5.0
3sGEIoyXkMmc1YX1TYkSMg,2013-05-25,4.0
3sGEIoyXkMmc1YX1TYkSMg,2013-06-01,4.333333333333333
3sGEIoyXkMmc1YX1TYkSMg,2013-06-08,3.0
3sGEIoyXkMmc1YX1TYkSMg,2013-06-15,3.25
3sGEIoyXkMmc1YX1TYkSMg,2013-06-22,3.5
3sGEIoyXkMmc1YX1TYkSMg,2013-06-29,3.6666666666666665
3sGEIoyXkMmc1YX1TYkSMg,2013-07-06,4.5
3sGEIoyXkMmc1YX1TYkSMg,2013-07-13,4.0
3sGEIoyXkMmc1YX1TYkSMg,2013-07-20,4.75
3sGEIoyXkMmc1YX1TYkSMg,2013-07-27,4.5
3sGEIoyXkMmc1YX1TYkSMg,2013-08-03,4.0
3sGEIoyXkMmc1YX1TYkSMg,2013-08-10,5.0
3sGEIoyXkMmc1YX1TYkSMg,2013-08-17,4.5
3sGEIoyXkMmc1YX1TYkSMg,2013-08-24,3.6
3sGEIoyXkMmc1YX1TYkSMg,2013-08-31,4.333333333333333
3sGEIoyXkMmc1YX1TYkSMg,2013-09-07,5.0
3sGEIoyXkMmc1YX1TYkSMg,2013-09-14,5.0
3sGEIoyXkMmc1YX1TYkSMg,2013-09-21,4.5
3sGEIoyXkMmc1YX1TYkSMg,2013-09-28,4.5
3sGEIoyXkMmc1YX1TYkSMg,2013-10-05,3.5
3sGEIoyXkMmc1YX1TYkSMg,2013-10-12,3.5
3sGEIoyXkMmc1YX1TYkSMg,2013-10-19,4.0
3sGEIoyXkMmc1YX1TYkSMg,2013-10-26,4.333333333333333
3sGEIoyXkMmc1YX1TYkSMg,2013-11-02,3.75
3sGEIoyXkMmc1YX1TYkSMg,2013-11-16,4.0
3sGEIoyXkMmc1YX1TYkSMg,2013-11-23,5.0
3sGEIoyXkMmc1YX1TYkSMg,2013-11-30,4.0
3sGEIoyXkMmc1YX1TYkSMg,2013-12-07,4.5
3sGEIoyXkMmc1YX1TYkSMg,2013-12-14,5.0
3sGEIoyXkMmc1YX1TYkSMg,2013-12-21,4.666666666666667
3sGEIoyXkMmc1YX1TYkSMg,2013-12-28,4.5
3sGEIoyXkMmc1YX1TYkSMg,2014-01-04,5.0
3sGEIoyXkMmc1YX1TYkSMg,2014-01-11,3.6666666666666665
3sGEIoyXkMmc1YX1TYkSMg,2014-01-18,4.5
3sGEIoyXkMmc1YX1TYkSMg,2014-01-25,4.2
3sGEIoyXkMmc1YX1TYkSMg,2014-02-01,4.25
3sGEIoyXkMmc1YX1TYkSMg,2014-02-08,5.0
3sGEIoyXkMmc1YX1TYkSMg,2014-02-15,4.0
3sGEIoyXkMmc1YX1TYkSMg,2014-02-22,4.5
3sGEIoyXkMmc1YX1TYkSMg,2014-03-01,3.8333333333333335
3sGEIoyXkMmc1YX1TYkSMg,2014-03-08,5.0
3sGEIoyXkMmc1YX1TYkSMg,2014-03-15,4.0
3sGEIoyXkMmc1YX1TYkSMg,2014-03-22,4.666666666666667
3sGEIoyXkMmc1YX1TYkSMg,2014-03-29,4.8
3sGEIoyXkMmc1YX1TYkSMg,2014-04-05,4.0
3sGEIoyXkMmc1YX1TYkSMg,2014-04-12,4.5
3sGEIoyXkMmc1YX1TYkSMg,2014-04-19,4.0
3sGEIoyXkMmc1YX1TYkSMg,2014-04-26,4.75
3sGEIoyXkMmc1YX1TYkSMg,2014-05-03,5.0
3sGEIoyXkMmc1YX1TYkSMg,2014-05-17,5.0
3sGEIoyXkMmc1YX1TYkSMg,2014-05-31,5.0
3sGEIoyXkMmc1YX1TYkSMg,2014-06-07,4.5
3sGEIoyXkMmc1YX1TYkSMg,2014-06-14,4.4
3sGEIoyXkMmc1YX1TYkSMg,2014-06-21,4.8
3sGEIoyXkMmc1YX1TYkSMg,2014-06-28,5.0
3sGEIoyXkMmc1YX1TYkSMg,2014-07-05,4.125
3sGEIoyXkMmc1YX1TYkSMg,2014-07-12,4.375
3sGEIoyXkMmc1YX1TYkSMg,2014-07-19,4.333333333333333
3sGEIoyXkMmc1YX1TYkSMg,2014-07-26,4.571428571428571
3sGEIoyXkMmc1YX1TYkSMg,2014-08-02,4.428571428571429
3sGEIoyXkMmc1YX1TYkSMg,2014-08-09,4.666666666666667
3sGEIoyXkMmc1YX1TYkSMg,2014-08-16,4.5
3sGEIoyXkMmc1YX1TYkSMg,2014-08-23,3.2
3sGEIoyXkMmc1YX1TYkSMg,2014-08-30,3.0
3sGEIoyXkMmc1YX1TYkSMg,2014-09-06,4.666666666666667
3sGEIoyXkMmc1YX1TYkSMg,2014-09-13,3.75
3sGEIoyXkMmc1YX1TYkSMg,2014-09-20,3.5
3sGEIoyXkMmc1YX1TYkSMg,2014-09-27,4.0
3sGEIoyXkMmc1YX1TYkSMg,2014-10-04,4.0
3sGEIoyXkMmc1YX1TYkSMg,2014-10-11,4.25
3sGEIoyXkMmc1YX1TYkSMg,2014-10-18,4.333333333333333
3sGEIoyXkMmc1YX1TYkSMg,2014-10-25,4.75
3sGEIoyXkMmc1YX1TYkSMg,2014-11-01,4.0
3sGEIoyXkMmc1YX1TYkSMg,2014-11-08,3.5714285714285716
3sGEIoyXkMmc1YX1TYkSMg,2014-11-15,3.0
3sGEIoyXkMmc1YX1TYkSMg,2014-11-22,3.0
3sGEIoyXkMmc1YX1TYkSMg,2014-11-29,5.0
3sGEIoyXkMmc1YX1TYkSMg,2014-12-06,4.75
3sGEIoyXkMmc1YX1TYkSMg,2014-12-13,3.5
3sGEIoyXkMmc1YX1TYkSMg,2014-12-20,4.0
3sGEIoyXkMmc1YX1TYkSMg,2014-12-27,5.0
3sGEIoyXkMmc1YX1TYkSMg,2015-01-03,3.3333333333333335
3sGEIoyXkMmc1YX1TYkSMg,2015-01-10,4.0
3sGEIoyXkMmc1YX1TYkSMg,2015-01-17,3.6666666666666665
3sGEIoyXkMmc1YX1TYkSMg,2015-01-24,4.333333333333333
3sGEIoyXkMmc1YX1TYkSMg,2015-01-31,4.333333333333333
3sGEIoyXkMmc1YX1TYkSMg,2015-02-07,4.5
3sGEIoyXkMmc1YX1TYkSMg,2015-02-14,4.6
3sGEIoyXkMmc1YX1TYkSMg,2015-02-21,4.0
3sGEIoyXkMmc1YX1TYkSMg,2015-02-28,4.285714285714286
3sGEIoyXkMmc1YX1TYkSMg,2015-03-07,4.75
3sGEIoyXkMmc1YX1TYkSMg,2015-03-14,4.333333333333333
3sGEIoyXkMmc1YX1TYkSMg,2015-03-21,2.5
3sGEIoyXkMmc1YX1TYkSMg,2015-03-28,4.666666666666667
3sGEIoyXkMmc1YX1TYkSMg,2015-04-04,3.25
3sGEIoyXkMmc1YX1TYkSMg,2015-04-11,4.5
3sGEIoyXkMmc1YX1TYkSMg,2015-04-18,4.5
3sGEIoyXkMmc1YX1TYkSMg,2015-04-25,3.5
3sGEIoyXkMmc1YX1TYkSMg,2015-05-02,3.4
3sGEIoyXkMmc1YX1TYkSMg,2015-05-09,4.8
3sGEIoyXkMmc1YX1TYkSMg,2015-05-16,4.0
3sGEIoyXkMmc1YX1TYkSMg,2015-05-23,3.6666666666666665
3sGEIoyXkMmc1YX1TYkSMg,2015-05-30,3.0
3sGEIoyXkMmc1YX1TYkSMg,2015-06-06,4.25
3sGEIoyXkMmc1YX1TYkSMg,2015-06-13,2.0
3sGEIoyXkMmc1YX1TYkSMg,2015-06-20,5.0
3sGEIoyXkMmc1YX1TYkSMg,2015-06-27,4.333333333333333
3sGEIoyXkMmc1YX1TYkSMg,2015-07-04,5.0
3sGEIoyXkMmc1YX1TYkSMg,2015-07-11,4.2
3sGEIoyXkMmc1YX1TYkSMg,2015-07-18,3.0
3sGEIoyXkMmc1YX1TYkSMg,2015-08-01,3.4
3sGEIoyXkMmc1YX1TYkSMg,2015-08-08,4.25
3sGEIoyXkMmc1YX1TYkSMg,2015-08-15,4.5
3sGEIoyXkMmc1YX1TYkSMg,2015-08-22,5.0
3sGEIoyXkMmc1YX1TYkSMg,2015-08-29,5.0
3sGEIoyXkMmc1YX1TYkSMg,2015-09-05,4.0
3sGEIoyXkMmc1YX1TYkSMg,2015-09-12,4.0
3sGEIoyXkMmc1YX1TYkSMg,2015-09-19,3.0
3sGEIoyXkMmc1YX1TYkSMg,2015-09-26,3.25
3sGEIoyXkMmc1YX1TYkSMg,2015-10-03,5.0
3sGEIoyXkMmc1YX1TYkSMg,2015-10-10,4.833333333333333
3sGEIoyXkMmc1YX1TYkSMg,2015-10-17,3.5
3sGEIoyXkMmc1YX1TYkSMg,2015-10-24,3.6666666666666665
3sGEIoyXkMmc1YX1TYkSMg,2015-10-31,3.3333333333333335
3sGEIoyXkMmc1YX1TYkSMg,2015-11-07,4.5
3sGEIoyXkMmc1YX1TYkSMg,2015-11-14,4.25
3sGEIoyXkMmc1YX1TYkSMg,2015-11-21,4.0
3sGEIoyXkMmc1YX1TYkSMg,2015-11-28,3.625
3sGEIoyXkMmc1YX1TYkSMg,2015-12-05,5.0
3sGEIoyXkMmc1YX1TYkSMg,2015-12-12,5.0
3sGEIoyXkMmc1YX1TYkSMg,2015-12-19,4.2
3sGEIoyXkMmc1YX1TYkSMg,2015-12-26,4.5
3sGEIoyXkMmc1YX1TYkSMg,2016-01-02,4.2
3sGEIoyXkMmc1YX1TYkSMg,2016-01-09,3.8333333333333335
3sGEIoyXkMmc1YX1TYkSMg,2016-01-16,4.25
3sGEIoyXkMmc1YX1TYkSMg,2016-01-23,4.0
3sGEIoyXkMmc1YX1TYkSMg,2016-01-30,5.0
3sGEIoyXkMmc1YX1TYkSMg,2016-02-06,5.0
3sGEIoyXkMmc1YX1TYkSMg,2016-02-13,4.75
3sGEIoyXkMmc1YX1TYkSMg,2016-02-20,4.333333333333333
3sGEIoyXkMmc1YX1TYkSMg,2016-02-27,4.666666666666667
3sGEIoyXkMmc1YX1TYkSMg,2016-03-05,4.333333333333333
3sGEIoyXkMmc1YX1TYkSMg,2016-03-12,4.75
3sGEIoyXkMmc1YX1TYkSMg,2016-03-19,5.0
3sGEIoyXkMmc1YX1TYkSMg,2016-03-26,4.666666666666667
3sGEIoyXkMmc1YX1TYkSMg,2016-04-02,3.3333333333333335
3sGEIoyXkMmc1YX1TYkSMg,2016-04-09,4.666666666666667
3sGEIoyXkMmc1YX1TYkSMg,2016-04-16,4.666666666666667
3sGEIoyXkMmc1YX1TYkSMg,2016-04-23,4.571428571428571
3sGEIoyXkMmc1YX1TYkSMg,2016-04-30,4.5
3sGEIoyXkMmc1YX1TYkSMg,2016-05-07,2.0
3sGEIoyXkMmc1YX1TYkSMg,2016-05-14,4.5
3sGEIoyXkMmc1YX1TYkSMg,2016-05-21,3.8333333333333335
3sGEIoyXkMmc1YX1TYkSMg,2016-05-28,4.0
3sGEIoyXkMmc1YX1TYkSMg,2016-06-04,4.2
3sGEIoyXkMmc1YX1TYkSMg,2016-06-11,4.666666666666667
3sGEIoyXkMmc1YX1TYkSMg,2016-06-18,3.0
3sGEIoyXkMmc1YX1TYkSMg,2016-06-25,4.666666666666667
3sGEIoyXkMmc1YX1TYkSMg,2016-07-02,4.5
3sGEIoyXkMmc1YX1TYkSMg,2016-07-09,4.6
3sGEIoyXkMmc1YX1TYkSMg,2016-07-16,4.5
3sGEIoyXkMmc1YX1TYkSMg,2016-07-23,3.3333333333333335
3sGEIoyXkMmc1YX1TYkSMg,2016-07-30,5.0
3sGEIoyXkMmc1YX1TYkSMg,2016-08-06,4.0
3sGEIoyXkMmc1YX1TYkSMg,2016-08-13,4.333333333333333
3sGEIoyXkMmc1YX1TYkSMg,2016-08-20,4.0
3sGEIoyXkMmc1YX1TYkSMg,2016-09-03,4.0
3sGEIoyXkMmc1YX1TYkSMg,2016-09-10,5.0
3sGEIoyXkMmc1YX1TYkSMg,2016-09-17,4.0
3sGEIoyXkMmc1YX1TYkSMg,2016-09-24,5.0
3sGEIoyXkMmc1YX1TYkSMg,2016-10-01,4.666666666666667
3sGEIoyXkMmc1YX1TYkSMg,2016-10-08,3.0
3sGEIoyXkMmc1YX1TYkSMg,2016-10-22,5.0
3sGEIoyXkMmc1YX1TYkSMg,2016-10-29,4.333333333333333
3sGEIoyXkMmc1YX1TYkSMg,2016-11-05,4.75
3sGEIoyXkMmc1YX1TYkSMg,2016-11-12,4.5
3sGEIoyXkMmc1YX1TYkSMg,2016-11-19,4.0
3sGEIoyXkMmc1YX1TYkSMg,2016-11-26,4.333333333333333
3sGEIoyXkMmc1YX1TYkSMg,2016-12-03,4.75
3sGEIoyXkMmc1YX1TYkSMg,2016-12-17,4.666666666666667
3sGEIoyXkMmc1YX1TYkSMg,2016-12-24,3.5
3sGEIoyXkMmc1YX1TYkSMg,2016-12-31,3.6666666666666665
3sGEIoyXkMmc1YX1TYkSMg,2017-01-07,4.571428571428571
3sGEIoyXkMmc1YX1TYkSMg,2017-01-14,4.0
3sGEIoyXkMmc1YX1TYkSMg,2017-01-21,4.333333333333333
3sGEIoyXkMmc1YX1TYkSMg,2017-02-04,3.8
3sGEIoyXkMmc1YX1TYkSMg,2017-02-18,5.0
3sGEIoyXkMmc1YX1TYkSMg,2017-02-25,4.5
3sGEIoyXkMmc1YX1TYkSMg,2017-03-04,4.333333333333333
3sGEIoyXkMmc1YX1TYkSMg,2017-03-11,3.25
3sGEIoyXkMmc1YX1TYkSMg,2017-03-18,4.5
3sGEIoyXkMmc1YX1TYkSMg,2017-03-25,4.0
3sGEIoyXkMmc1YX1TYkSMg,2017-04-01,5.0
3sGEIoyXkMmc1YX1TYkSMg,2017-04-08,4.6
3sGEIoyXkMmc1YX1TYkSMg,2017-04-15,3.75
3sGEIoyXkMmc1YX1TYkSMg,2017-04-22,4.0
3sGEIoyXkMmc1YX1TYkSMg,2017-04-29,4.0
3sGEIoyXkMmc1YX1TYkSMg,2017-05-06,3.857142857142857
3sGEIoyXkMmc1YX1TYkSMg,2017-05-13,1.0
3sGEIoyXkMmc1YX1TYkSMg,2017-05-20,5.0
3sGEIoyXkMmc1YX1TYkSMg,2017-06-03,4.0
3sGEIoyXkMmc1YX1TYkSMg,2017-06-17,5.0
3sGEIoyXkMmc1YX1TYkSMg,2017-06-24,4.0
3sGEIoyXkMmc1YX1TYkSMg,2017-07-01,2.0
3sGEIoyXkMmc1YX1TYkSMg,2017-07-08,2.8333333333333335
3sGEIoyXkMmc1YX1TYkSMg,2017-07-15,3.5
3sGEIoyXkMmc1YX1TYkSMg,2017-07-22,4.0
3sGEIoyXkMmc1YX1TYkSMg,2017-08-05,4.25
3sGEIoyXkMmc1YX1TYkSMg,2017-08-12,4.5
3sGEIoyXkMmc1YX1TYkSMg,2017-08-19,4.0
3sGEIoyXkMmc1YX1TYkSMg,2017-08-26,3.5
3sGEIoyXkMmc1YX1TYkSMg,2017-09-02,4.6
3sGEIoyXkMmc1YX1TYkSMg,2017-09-09,4.0
3sGEIoyXkMmc1YX1TYkSMg,2017-09-16,5.0
3sGEIoyXkMmc1YX1TYkSMg,2017-09-23,4.0
3sGEIoyXkMmc1YX1TYkSMg,2017-09-30,3.5
3sGEIoyXkMmc1YX1TYkSMg,2017-10-07,4.0
3sGEIoyXkMmc1YX1TYkSMg,2017-10-14,3.5
3sGEIoyXkMmc1YX1TYkSMg,2017-10-21,4.0
3sGEIoyXkMmc1YX1TYkSMg,2017-10-28,3.8333333333333335
3sGEIoyXkMmc1YX1TYkSMg,2017-11-04,3.5
3sGEIoyXkMmc1YX1TYkSMg,2017-11-11,4.0
3sGEIoyXkMmc1YX1TYkSMg,2017-11-18,4.666666666666667
3sGEIoyXkMmc1YX1TYkSMg,2017-11-25,4.0
3sGEIoyXkMmc1YX1TYkSMg,2017-12-02,4.5
3sGEIoyXkMmc1YX1TYkSMg,2017-12-09,5.0
3sGEIoyXkMmc1YX1TYkSMg,2017-12-16,4.0
3sGEIoyXkMmc1YX1TYkSMg,2017-12-23,4.0
3sGEIoyXkMmc1YX1TYkSMg,2017-12-30,3.625
3sGEIoyXkMmc1YX1TYkSMg,2018-01-06,4.0
3sGEIoyXkMmc1YX1TYkSMg,2018-01-13,4.0
3sGEIoyXkMmc1YX1TYkSMg,2018-01-20,3.25
3sGEIoyXkMmc1YX1TYkSMg,2018-01-27,3.6666666666666665
3sGEIoyXkMmc1YX1TYkSMg,2018-02-03,4.5
3sGEIoyXkMmc1YX1TYkSMg,2018-02-10,3.0
3sGEIoyXkMmc1YX1TYkSMg,2018-02-17,4.0
3sGEIoyXkMmc1YX1TYkSMg,2018-02-24,2.0
3sGEIoyXkMmc1YX1TYkSMg,2018-03-03,5.0
3sGEIoyXkMmc1YX1TYkSMg,2018-03-10,5.0
3sGEIoyXkMmc1YX1TYkSMg,2018-03-17,4.333333333333333
3sGEIoyXkMmc1YX1TYkSMg,2018-03-24,4.75
3sGEIoyXkMmc1YX1TYkSMg,2018-04-07,3.8
3sGEIoyXkMmc1YX1TYkSMg,2018-04-14,2.5
3sGEIoyXkMmc1YX1TYkSMg,2018-04-21,4.0
3sGEIoyXkMmc1YX1TYkSMg,2018-05-12,4.666666666666667
3sGEIoyXkMmc1YX1TYkSMg,2018-05-19,5.0
3sGEIoyXkMmc1YX1TYkSMg,2018-06-02,4.666666666666667
3sGEIoyXkMmc1YX1TYkSMg,2018-06-09,2.5
3sGEIoyXkMmc1YX1TYkSMg,2018-06-16,3.6666666666666665
3sGEIoyXkMmc1YX1TYkSMg,2018-06-23,4.5
3sGEIoyXkMmc1YX1TYkSMg,2018-06-30,3.0
3sGEIoyXkMmc1YX1TYkSMg,2018-07-07,4.0
3sGEIoyXkMmc1YX1TYkSMg,2018-07-14,4.0
3sGEIoyXkMmc1YX1TYkSMg,2018-07-21,5.0
3sGEIoyXkMmc1YX1TYkSMg,2018-07-28,3.0
3sGEIoyXkMmc1YX1TYkSMg,2018-08-04,4.5
3sGEIoyXkMmc1YX1TYkSMg,2018-08-11,4.2
3sGEIoyXkMmc1YX1TYkSMg,2018-08-18,4.333333333333333
3sGEIoyXkMmc1YX1TYkSMg,2018-08-25,4.0
3sGEIoyXkMmc1YX1TYkSMg,2018-09-01,5.0
3sGEIoyXkMmc1YX1TYkSMg,2018-09-08,2.5
3sGEIoyXkMmc1YX1TYkSMg,2018-09-22,3.5
3sGEIoyXkMmc1YX1TYkSMg,2018-09-29,4.0
3sGEIoyXkMmc1YX1TYkSMg,2018-10-06,1.5
3sGEIoyXkMmc1YX1TYkSMg,2018-10-13,3.0
3sGEIoyXkMmc1YX1TYkSMg,2018-10-20,3.5
3sGEIoyXkMmc1YX1TYkSMg,2018-11-03,4.5
3sGEIoyXkMmc1YX1TYkSMg,2018-11-10,5.0
3sGEIoyXkMmc1YX1TYkSMg,2018-11-17,5.0
3sGEIoyXkMmc1YX1TYkSMg,2018-12-01,4.0
3sGEIoyXkMmc1YX1TYkSMg,2018-12-08,3.3333333333333335
3sGEIoyXkMmc1YX1TYkSMg,2018-12-22,5.0
3sGEIoyXkMmc1YX1TYkSMg,2019-01-05,5.0
3sGEIoyXkMmc1YX1TYkSMg,2019-01-12,3.5
3sGEIoyXkMmc1YX1TYkSMg,2019-01-19,5.0
3sGEIoyXkMmc1YX1TYkSMg,2019-01-26,4.0
3sGEIoyXkMmc1YX1TYkSMg,2019-02-02,5.0
3sGEIoyXkMmc1YX1TYkSMg,2019-02-09,3.6666666666666665
3sGEIoyXkMmc1YX1TYkSMg,2019-02-16,4.666666666666667
3sGEIoyXkMmc1YX1TYkSMg,2019-02-23,5.0
3sGEIoyXkMmc1YX1TYkSMg,2019-03-02,3.5
3sGEIoyXkMmc1YX1TYkSMg,2019-03-09,5.0
3sGEIoyXkMmc1YX1TYkSMg,2019-03-16,4.0
3sGEIoyXkMmc1YX1TYkSMg,2019-03-23,3.3333333333333335
3sGEIoyXkMmc1YX1TYkSMg,2019-03-30,4.0
3sGEIoyXkMmc1YX1TYkSMg,2019-04-06,4.0
3sGEIoyXkMmc1YX1TYkSMg,2019-04-20,4.333333333333333
3sGEIoyXkMmc1YX1TYkSMg,2019-04-27,5.0
3sGEIoyXkMmc1YX1TYkSMg,2019-05-11,4.0
3sGEIoyXkMmc1YX1TYkSMg,2019-05-25,4.0
3sGEIoyXkMmc1YX1TYkSMg,2019-06-08,5.0
3sGEIoyXkMmc1YX1TYkSMg,2019-06-15,3.0
3sGEIoyXkMmc1YX1TYkSMg,2019-06-22,1.0
3sGEIoyXkMmc1YX1TYkSMg,2019-06-29,4.0
3sGEIoyXkMmc1YX1TYkSMg,2019-07-06,2.6666666666666665
3sGEIoyXkMmc1YX1TYkSMg,2019-07-20,3.3333333333333335
3sGEIoyXkMmc1YX1TYkSMg,2019-07-27,5.0
3sGEIoyXkMmc1YX1TYkSMg,2019-08-10,5.0
3sGEIoyXkMmc1YX1TYkSMg,2019-08-17,4.5
3sGEIoyXkMmc1YX1TYkSMg,2019-08-31,4.333333333333333
3sGEIoyXkMmc1YX1TYkSMg,2019-09-07,4.5
3sGEIoyXkMmc1YX1TYkSMg,2019-09-14,5.0
3sGEIoyXkMmc1YX1TYkSMg,2019-09-21,4.0
3sGEIoyXkMmc1YX1TYkSMg,2019-10-05,5.0
3sGEIoyXkMmc1YX1TYkSMg,2019-10-12,5.0
3sGEIoyXkMmc1YX1TYkSMg,2019-11-02,4.0
3sGEIoyXkMmc1YX1TYkSMg,2019-11-09,5.0
3sGEIoyXkMmc1YX1TYkSMg,2019-11-16,4.5
3sGEIoyXkMmc1YX1TYkSMg,2019-11-23,2.0
3sGEIoyXkMmc1YX1TYkSMg,2019-11-30,4.333333333333333
3sGEIoyXkMmc1YX1TYkSMg,2019-12-07,4.0
3sGEIoyXkMmc1YX1TYkSMg,2019-12-21,3.0
3sGEIoyXkMmc1YX1TYkSMg,2019-12-28,5.0
3sGEIoyXkMmc1YX1TYkSMg,2020-01-04,4.0
3sGEIoyXkMmc1YX1TYkSMg,2020-01-11,5.0
3sGEIoyXkMmc1YX1TYkSMg,2020-01-18,5.0
3sGEIoyXkMmc1YX1TYkSMg,2020-01-25,4.666666666666667
3sGEIoyXkMmc1YX1TYkSMg,2020-02-01,5.0
3sGEIoyXkMmc1YX1TYkSMg,2020-02-15,3.3333333333333335
3sGEIoyXkMmc1YX1TYkSMg,2020-02-22,4.0
3sGEIoyXkMmc1YX1TYkSMg,2020-05-16,4.0
3sGEIoyXkMmc1YX1TYkSMg,2020-05-30,5.0
3sGEIoyXkMmc1YX1TYkSMg,2020-07-04,5.0
3sGEIoyXkMmc1YX1TYkSMg,2020-09-05,4.0
3sGEIoyXkMmc1YX1TYkSMg,2020-09-12,3.0
3sGEIoyXkMmc1YX1TYkSMg,2020-10-03,5.0
3sGEIoyXkMmc1YX1TYkSMg,2020-10-17,5.0
3sGEIoyXkMmc1YX1TYkSMg,2020-11-07,2.0
3sGEIoyXkMmc1YX1TYkSMg,2020-11-14,4.0
3sGEIoyXkMmc1YX1TYkSMg,2020-11-28,2.5
3sGEIoyXkMmc1YX1TYkSMg,2020-12-05,4.5
3sGEIoyXkMmc1YX1TYkSMg,2020-12-12,5.0
3sGEIoyXkMmc1YX1TYkSMg,2020-12-26,5.0
3sGEIoyXkMmc1YX1TYkSMg,2021-03-06,4.0
3sGEIoyXkMmc1YX1TYkSMg,2021-03-20,3.5
3sGEIoyXkMmc1YX1TYkSMg,2021-04-03,5.0
3sGEIoyXkMmc1YX1TYkSMg,2021-04-24,1.0
3sGEIoyXkMmc1YX1TYkSMg,2021-05-01,4.0
3sGEIoyXkMmc1YX1TYkSMg,2021-05-15,3.0
3sGEIoyXkMmc1YX1TYkSMg,2021-05-22,5.0
3sGEIoyXkMmc1YX1TYkSMg,2021-05-29,5.0
3sGEIoyXkMmc1YX1TYkSMg,2021-06-05,5.0
3sGEIoyXkMmc1YX1TYkSMg,2021-06-12,5.0
3sGEIoyXkMmc1YX1TYkSMg,2021-07-03,5.0
3sGEIoyXkMmc1YX1TYkSMg,2021-07-10,3.0
3sGEIoyXkMmc1YX1TYkSMg,2021-07-17,3.0
3sGEIoyXkMmc1YX1TYkSMg,2021-07-31,5.0
3sGEIoyXkMmc1YX1TYkSMg,2021-08-14,3.5
3sGEIoyXkMmc1YX1TYkSMg,2021-09-04,5.0
3sGEIoyXkMmc1YX1TYkSMg,2021-09-11,4.0
3sGEIoyXkMmc1YX1TYkSMg,2021-10-02,1.0
3sGEIoyXkMmc1YX1TYkSMg,2021-10-09,5.0
3sGEIoyXkMmc1YX1TYkSMg,2021-10-23,4.0
3sGEIoyXkMmc1YX1TYkSMg,2021-11-27,5.0
3sGEIoyXkMmc1YX1TYkSMg,2021-12-18,4.0
3sGEIoyXkMmc1YX1TYkSMg,2022-01-15,4.0
3sGEIoyXkMmc1YX1TYkSMg,2022-02-19,4.5
3sGEIoyXkMmc1YX1TYkSMg,2022-02-26,4.666666666666667
3sGEIoyXkMmc1YX1TYkSMg,2022-03-05,4.5
3sGEIoyXkMmc1YX1TYkSMg,2022-03-12,5.0
3sGEIoyXkMmc1YX1TYkSMg,2022-03-19,3.6666666666666665
3sGEIoyXkMmc1YX1TYkSMg,2022-03-26,4.5
3sGEIoyXkMmc1YX1TYkSMg,2022-04-02,3.0
3sGEIoyXkMmc1YX1TYkSMg,2022-04-09,4.666666666666667
3sGEIoyXkMmc1YX1TYkSMg,2022-04-16,2.6666666666666665
3sGEIoyXkMmc1YX1TYkSMg,2022-04-23,2.3333333333333335
3sGEIoyXkMmc1YX1TYkSMg,2022-04-30,3.8
3sGEIoyXkMmc1YX1TYkSMg,2022-05-07,3.0
3sGEIoyXkMmc1YX1TYkSMg,2022-05-14,2.6666666666666665
3sGEIoyXkMmc1YX1TYkSMg,2022-05-21,4.0
3sGEIoyXkMmc1YX1TYkSMg,2022-05-28,5.0
3sGEIoyXkMmc1YX1TYkSMg,2022-06-04,3.75
3sGEIoyXkMmc1YX1TYkSMg,2022-06-11,3.0
3sGEIoyXkMmc1YX1TYkSMg,2022-06-18,4.2
3sGEIoyXkMmc1YX1TYkSMg,2022-06-25,4.0
3sGEIoyXkMmc1YX1TYkSMg,2022-07-02,4.0
3sGEIoyXkMmc1YX1TYkSMg,2022-07-09,4.0
3sGEIoyXkMmc1YX1TYkSMg,2022-07-16,5.0
3sGEIoyXkMmc1YX1TYkSMg,2022-07-23,3.75
3sGEIoyXkMmc1YX1TYkSMg,2022-07-30,5.0
3sGEIoyXkMmc1YX1TYkSMg,2022-08-06,4.5
3sGEIoyXkMmc1YX1TYkSMg,2022-08-13,3.3333333333333335
3sGEIoyXkMmc1YX1TYkSMg,2022-08-20,4.666666666666667
3sGEIoyXkMmc1YX1TYkSMg,2022-08-27,3.0
3sGEIoyXkMmc1YX1TYkSMg,2022-09-03,4.75
3sGEIoyXkMmc1YX1TYkSMg,2022-09-10,4.5
3sGEIoyXkMmc1YX1TYkSMg,2022-09-17,4.6
3sGEIoyXkMmc1YX1TYkSMg,2022-10-01,5.0
3sGEIoyXkMmc1YX1TYkSMg,2022-10-08,4.5
3sGEIoyXkMmc1YX1TYkSMg,2022-10-15,3.5
3sGEIoyXkMmc1YX1TYkSMg,2022-10-22,3.0
3sGEIoyXkMmc1YX1TYkSMg,2022-10-29,4.0
3sGEIoyXkMmc1YX1TYkSMg,2022-11-05,5.0
3sGEIoyXkMmc1YX1TYkSMg,2022-11-12,3.0
3sGEIoyXkMmc1YX1TYkSMg,2022-11-19,4.25
3sGEIoyXkMmc1YX1TYkSMg,2022-11-26,4.0
3sGEIoyXkMmc1YX1TYkSMg,2022-12-03,5.0
3sGEIoyXkMmc1YX1TYkSMg,2022-12-10,4.666666666666667
3sGEIoyXkMmc1YX1TYkSMg,2022-12-17,3.2
3sGEIoyXkMmc1YX1TYkSMg,2022-12-24,5.0
3sGEIoyXkMmc1YX1TYkSMg,2022-12-31,4.0
3sGEIoyXkMmc1YX1TYkSMg,2023-01-07,4.0
3sGEIoyXkMmc1YX1TYkSMg,2023-01-14,3.0
3sGEIoyXkMmc1YX1TYkSMg,2023-01-21,3.5
3sGEIoyXkMmc1YX1TYkSMg,2023-01-28,4.0
3sGEIoyXkMmc1YX1TYkSMg,2023-02-04,5.0
3sGEIoyXkMmc1YX1TYkSMg,2023-02-18,3.8
3sGEIoyXkMmc1YX1TYkSMg,2023-02-25,4.285714285714286
3sGEIoyXkMmc1YX1TYkSMg,2023-03-04,4.0
3sGEIoyXkMmc1YX1TYkSMg,2023-03-11,3.3333333333333335
3sGEIoyXkMmc1YX1TYkSMg,2023-03-18,2.75
3sGEIoyXkMmc1YX1TYkSMg,2023-03-25,4.5
3sGEIoyXkMmc1YX1TYkSMg,2023-04-01,3.0
3sGEIoyXkMmc1YX1TYkSMg,2023-04-08,3.0
3sGEIoyXkMmc1YX1TYkSMg,2023-04-15,5.0
3sGEIoyXkMmc1YX1TYkSMg,2023-04-22,5.0
3sGEIoyXkMmc1YX1TYkSMg,2023-05-13,4.0
3sGEIoyXkMmc1YX1TYkSMg,2023-05-20,4.0
3sGEIoyXkMmc1YX1TYkSMg,2023-05-27,4.5
3sGEIoyXkMmc1YX1TYkSMg,2023-06-03,2.6666666666666665
3sGEIoyXkMmc1YX1TYkSMg,2023-06-17,5.0
3sGEIoyXkMmc1YX1TYkSMg,2023-06-24,5.0
3sGEIoyXkMmc1YX1TYkSMg,2023-07-01,1.0
3sGEIoyXkMmc1YX1TYkSMg,2023-07-08,4.5
3sGEIoyXkMmc1YX1TYkSMg,2023-07-15,2.5
3sGEIoyXkMmc1YX1TYkSMg,2023-07-22,4.25
3sGEIoyXkMmc1YX1TYkSMg,2023-07-29,3.6666666666666665
3sGEIoyXkMmc1YX1TYkSMg,2023-08-26,2.0
3sGEIoyXkMmc1YX1TYkSMg,2023-09-02,4.333333333333333
8MmM55oRyNsPX6J01NsDkA,2023-01-28,5.0
8MmM55oRyNsPX6J01NsDkA,2023-02-04,4.125
8MmM55oRyNsPX6J01NsDkA,2023-02-11,4.666666666666667
8MmM55oRyNsPX6J01NsDkA,2023-02-18,5.0
8MmM55oRyNsPX6J01NsDkA,2023-02-25,3.142857142857143
8MmM55oRyNsPX6J01NsDkA,2023-03-04,3.0
8MmM55oRyNsPX6J01NsDkA,2023-03-11,2.5
8MmM55oRyNsPX6J01NsDkA,2023-03-18,3.25
8MmM55oRyNsPX6J01NsDkA,2023-03-25,4.5
8MmM55oRyNsPX6J01NsDkA,2023-04-01,5.0
8MmM55oRyNsPX6J01NsDkA,2023-04-08,3.0
8MmM55oRyNsPX6J01NsDkA,2023-04-15,4.0
8MmM55oRyNsPX6J01NsDkA,2023-04-22,1.0
8MmM55oRyNsPX6J01NsDkA,2023-04-29,5.0
8MmM55oRyNsPX6J01NsDkA,2023-05-06,1.0
8MmM55oRyNsPX6J01NsDkA,2023-05-20,4.0
8MmM55oRyNsPX6J01NsDkA,2023-05-27,5.0
8MmM55oRyNsPX6J01NsDkA,2023-06-03,4.5
8MmM55oRyNsPX6J01NsDkA,2023-06-10,5.0
8MmM55oRyNsPX6J01NsDkA,2023-06-24,4.5
8MmM55oRyNsPX6J01NsDkA,2023-07-01,3.0
8MmM55oRyNsPX6J01NsDkA,2023-07-08,1.0
8MmM55oRyNsPX6J01NsDkA,2023-07-29,5.0
8MmM55oRyNsPX6J01NsDkA,2023-08-05,2.5
8MmM55oRyNsPX6J01NsDkA,2023-08-19,5.0
8MmM55oRyNsPX6J01NsDkA,2023-09-02,5.0
8MmM55oRyNsPX6J01NsDkA,2023-09-09,5.0
KApdRDKnCjFCK1N3h3y81A,2023-05-20,5.0
Pp7aw9Vl_TOtdUyNHrv83Q,2019-02-02,4.5
Pp7aw9Vl_TOtdUyNHrv83Q,2019-02-09,3.3333333333333335
Pp7aw9Vl_TOtdUyNHrv83Q,2019-02-16,5.0
Pp7aw9Vl_TOtdUyNHrv83Q,2019-03-02,3.75
Pp7aw9Vl_TOtdUyNHrv83Q,2019-03-09,4.0
Pp7aw9Vl_TOtdUyNHrv83Q,2019-03-16,5.0
Pp7aw9Vl_TOtdUyNHrv83Q,2019-03-23,5.0
Pp7aw9Vl_TOtdUyNHrv83Q,2019-03-30,4.666666666666667
Pp7aw9Vl_TOtdUyNHrv83Q,2019-04-06,2.0
Pp7aw9Vl_TOtdUyNHrv83Q,2019-04-13,5.0
Pp7aw9Vl_TOtdUyNHrv83Q,2019-04-20,3.0
Pp7aw9Vl_TOtdUyNHrv83Q,2019-04-27,3.0
Pp7aw9Vl_TOtdUyNHrv83Q,2019-05-04,5.0
Pp7aw9Vl_TOtdUyNHrv83Q,2019-05-11,5.0
Pp7aw9Vl_TOtdUyNHrv83Q,2019-05-25,4.0
Pp7aw9Vl_TOtdUyNHrv83Q,2019-06-01,4.5
Pp7aw9Vl_TOtdUyNHrv83Q,2019-06-22,5.0
Pp7aw9Vl_TOtdUyNHrv83Q,2019-06-29,3.0
Pp7aw9Vl_TOtdUyNHrv83Q,2019-07-06,4.0
Pp7aw9Vl_TOtdUyNHrv83Q,2019-07-27,5.0
Pp7aw9Vl_TOtdUyNHrv83Q,2019-08-03,5.0
Pp7aw9Vl_TOtdUyNHrv83Q,2019-08-17,4.0
Pp7aw9Vl_TOtdUyNHrv83Q,2019-09-07,5.0
Pp7aw9Vl_TOtdUyNHrv83Q,2019-09-21,4.333333333333333
Pp7aw9Vl_TOtdUyNHrv83Q,2019-10-26,4.0
Pp7aw9Vl_TOtdUyNHrv83Q,2019-11-16,4.0
Pp7aw9Vl_TOtdUyNHrv83Q,2019-11-23,3.0
Pp7aw9Vl_TOtdUyNHrv83Q,2020-01-11,4.0
Pp7aw9Vl_TOtdUyNHrv83Q,2020-01-18,5.0
Pp7aw9Vl_TOtdUyNHrv83Q,2020-02-01,4.0
Pp7aw9Vl_TOtdUyNHrv83Q,2020-02-08,4.5
Pp7aw9Vl_TOtdUyNHrv83Q,2020-02-29,5.0
Pp7aw9Vl_TOtdUyNHrv83Q,2020-03-07,5.0
Pp7aw9Vl_TOtdUyNHrv83Q,2020-03-14,4.0
Pp7aw9Vl_TOtdUyNHrv83Q,2020-03-21,4.0
Pp7aw9Vl_TOtdUyNHrv83Q,2020-04-25,5.0
Pp7aw9Vl_TOtdUyNHrv83Q,2020-06-27,5.0
Pp7aw9Vl_TOtdUyNHrv83Q,2020-07-18,4.5
Pp7aw9Vl_TOtdUyNHrv83Q,2020-07-25,5.0
Pp7aw9Vl_TOtdUyNHrv83Q,2020-08-08,5.0
Pp7aw9Vl_TOtdUyNHrv83Q,2020-09-19,5.0
Pp7aw9Vl_TOtdUyNHrv83Q,2020-10-24,5.0
Pp7aw9Vl_TOtdUyNHrv83Q,2020-11-07,5.0
Pp7aw9Vl_TOtdUyNHrv83Q,2020-11-14,4.0
Pp7aw9Vl_TOtdUyNHrv83Q,2020-12-05,5.0
Pp7aw9Vl_TOtdUyNHrv83Q,2020-12-26,5.0
Pp7aw9Vl_TOtdUyNHrv83Q,2021-01-02,5.0
Pp7aw9Vl_TOtdUyNHrv83Q,2021-01-09,5.0
Pp7aw9Vl_TOtdUyNHrv83Q,2021-01-30,4.0
Pp7aw9Vl_TOtdUyNHrv83Q,2021-02-20,5.0
Pp7aw9Vl_TOtdUyNHrv83Q,2021-04-17,5.0
Pp7aw9Vl_TOtdUyNHrv83Q,2021-04-24,5.0
Pp7aw9Vl_TOtdUyNHrv83Q,2021-05-01,5.0
Pp7aw9Vl_TOtdUyNHrv83Q,2021-06-12,2.0
Pp7aw9Vl_TOtdUyNHrv83Q,2021-06-19,1.0
Pp7aw9Vl_TOtdUyNHrv83Q,2021-07-10,4.0
Pp7aw9Vl_TOtdUyNHrv83Q,2021-08-21,5.0
Pp7aw9Vl_TOtdUyNHrv83Q,2021-09-11,2.0
Pp7aw9Vl_TOtdUyNHrv83Q,2021-09-18,5.0
Pp7aw9Vl_TOtdUyNHrv83Q,2021-10-23,5.0
Pp7aw9Vl_TOtdUyNHrv83Q,2021-11-06,3.0
Pp7aw9Vl_TOtdUyNHrv83Q,2021-11-13,2.0
Pp7aw9Vl_TOtdUyNHrv83Q,2021-12-04,5.0
Pp7aw9Vl_TOtdUyNHrv83Q,2022-01-22,5.0
Pp7aw9Vl_TOtdUyNHrv83Q,2022-03-26,5.0
Pp7aw9Vl_TOtdUyNHrv83Q,2022-05-07,5.0
Pp7aw9Vl_TOtdUyNHrv83Q,2022-05-21,5.0
Pp7aw9Vl_TOtdUyNHrv83Q,2022-06-18,5.0
Pp7aw9Vl_TOtdUyNHrv83Q,2022-06-25,3.0
Pp7aw9Vl_TOtdUyNHrv83Q,2022-07-02,5.0
Pp7aw9Vl_TOtdUyNHrv83Q,2022-07-09,3.0
Pp7aw9Vl_TOtdUyNHrv83Q,2022-08-13,5.0
Pp7aw9Vl_TOtdUyNHrv83Q,2022-08-20,1.0
Pp7aw9Vl_TOtdUyNHrv83Q,2022-08-27,3.0
Pp7aw9Vl_TOtdUyNHrv83Q,2022-09-17,5.0
Pp7aw9Vl_TOtdUyNHrv83Q,2022-10-22,5.0
Pp7aw9Vl_TOtdUyNHrv83Q,2022-10-29,5.0
Pp7aw9Vl_TOtdUyNHrv83Q,2022-12-03,5.0
Pp7aw9Vl_TOtdUyNHrv83Q,2022-12-10,5.0
Pp7aw9Vl_TOtdUyNHrv83Q,2022-12-17,5.0
Pp7aw9Vl_TOtdUyNHrv83Q,2023-01-07,2.0
Pp7aw9Vl_TOtdUyNHrv83Q,2023-01-21,2.0
Pp7aw9Vl_TOtdUyNHrv83Q,2023-02-11,5.0
Pp7aw9Vl_TOtdUyNHrv83Q,2023-02-18,5.0
Pp7aw9Vl_TOtdUyNHrv83Q,2023-02-25,5.0
Pp7aw9Vl_TOtdUyNHrv83Q,2023-03-11,5.0
Pp7aw9Vl_TOtdUyNHrv83Q,2023-04-08,4.0
Pp7aw9Vl_TOtdUyNHrv83Q,2023-05-06,5.0
Pp7aw9Vl_TOtdUyNHrv83Q,2023-06-03,4.0
Pp7aw9Vl_TOtdUyNHrv83Q,2023-06-24,3.0
Pp7aw9Vl_TOtdUyNHrv83Q,2023-07-08,5.0
Pp7aw9Vl_TOtdUyNHrv83Q,2023-08-05,2.0
Pp7aw9Vl_TOtdUyNHrv83Q,2023-09-09,4.0
_znCP80YosgWCZu-xkqk5w,2015-03-07,5.0
_znCP80YosgWCZu-xkqk5w,2015-03-14,5.0
_znCP80YosgWCZu-xkqk5w,2015-03-21,2.7142857142857144
_znCP80YosgWCZu-xkqk5w,2015-03-28,3.1
_znCP80YosgWCZu-xkqk5w,2015-04-04,2.2
_znCP80YosgWCZu-xkqk5w,2015-04-11,3.6
_znCP80YosgWCZu-xkqk5w,2015-04-18,3.8333333333333335
_znCP80YosgWCZu-xkqk5w,2015-04-25,4.6
_znCP80YosgWCZu-xkqk5w,2015-05-02,3.3333333333333335
_znCP80YosgWCZu-xkqk5w,2015-05-09,2.0
_znCP80YosgWCZu-xkqk5w,2015-05-16,4.428571428571429
_znCP80YosgWCZu-xkqk5w,2015-05-23,4.2
_znCP80YosgWCZu-xkqk5w,2015-05-30,3.0
_znCP80YosgWCZu-xkqk5w,2015-06-06,5.0
_znCP80YosgWCZu-xkqk5w,2015-06-13,4.0
_znCP80YosgWCZu-xkqk5w,2015-06-20,3.0
_znCP80YosgWCZu-xkqk5w,2015-07-04,4.0
_znCP80YosgWCZu-xkqk5w,2015-07-11,3.8
_znCP80YosgWCZu-xkqk5w,2015-07-18,5.0
_znCP80YosgWCZu-xkqk5w,2015-07-25,4.25
_znCP80YosgWCZu-xkqk5w,2015-08-08,4.857142857142857
_znCP80YosgWCZu-xkqk5w,2015-08-15,3.0
_znCP80YosgWCZu-xkqk5w,2015-08-22,3.5
_znCP80YosgWCZu-xkqk5w,2015-08-29,4.0
_znCP80YosgWCZu-xkqk5w,2015-09-05,5.0
_znCP80YosgWCZu-xkqk5w,2015-10-03,4.5
_znCP80YosgWCZu-xkqk5w,2015-10-10,3.0
_znCP80YosgWCZu-xkqk5w,2015-10-17,4.5
_znCP80YosgWCZu-xkqk5w,2015-10-24,2.6666666666666665
_znCP80YosgWCZu-xkqk5w,2015-10-31,5.0
_znCP80YosgWCZu-xkqk5w,2015-11-14,5.0
_znCP80YosgWCZu-xkqk5w,2015-11-21,5.0
_znCP80YosgWCZu-xkqk5w,2015-12-12,3.0
_znCP80YosgWCZu-xkqk5w,2015-12-19,3.75
_znCP80YosgWCZu-xkqk5w,2016-01-02,4.0
_znCP80YosgWCZu-xkqk5w,2016-01-09,4.0
_znCP80YosgWCZu-xkqk5w,2016-01-16,4.333333333333333
_znCP80YosgWCZu-xkqk5w,2016-01-23,3.5
_znCP80YosgWCZu-xkqk5w,2016-01-30,5.0
_znCP80YosgWCZu-xkqk5w,2016-02-06,3.0
_znCP80YosgWCZu-xkqk5w,2016-02-13,2.6666666666666665
_znCP80YosgWCZu-xkqk5w,2016-02-27,3.0
_znCP80YosgWCZu-xkqk5w,2016-03-05,5.0
_znCP80YosgWCZu-xkqk5w,2016-03-12,5.0
_znCP80YosgWCZu-xkqk5w,2016-03-19,4.666666666666667
_znCP80YosgWCZu-xkqk5w,2016-03-26,3.5
_znCP80YosgWCZu-xkqk5w,2016-04-02,5.0
_znCP80YosgWCZu-xkqk5w,2016-04-09,4.666666666666667
_znCP80YosgWCZu-xkqk5w,2016-04-16,3.0
_znCP80YosgWCZu-xkqk5w,2016-04-23,5.0
_znCP80YosgWCZu-xkqk5w,2016-05-07,4.0
_znCP80YosgWCZu-xkqk5w,2016-05-21,5.0
_znCP80YosgWCZu-xkqk5w,2016-05-28,4.0
_znCP80YosgWCZu-xkqk5w,2016-06-25,5.0
_znCP80YosgWCZu-xkqk5w,2016-07-02,3.0
_znCP80YosgWCZu-xkqk5w,2016-07-09,4.5
_znCP80YosgWCZu-xkqk5w,2016-07-16,5.0
_znCP80YosgWCZu-xkqk5w,2016-08-13,3.0
_znCP80YosgWCZu-xkqk5w,2016-08-27,3.0
_znCP80YosgWCZu-xkqk5w,2016-09-03,4.5
_znCP80YosgWCZu-xkqk5w,2016-09-10,5.0
_znCP80YosgWCZu-xkqk5w,2016-10-01,4.666666666666667
_znCP80YosgWCZu-xkqk5w,2016-10-08,5.0
_znCP80YosgWCZu-xkqk5w,2016-10-22,5.0
_znCP80YosgWCZu-xkqk5w,2016-10-29,1.0
_znCP80YosgWCZu-xkqk5w,2016-11-05,4.5
_znCP80YosgWCZu-xkqk5w,2016-11-12,5.0
_znCP80YosgWCZu-xkqk5w,2016-11-19,5.0
_znCP80YosgWCZu-xkqk5w,2016-11-26,4.666666666666667
_znCP80YosgWCZu-xkqk5w,2016-12-03,5.0
_znCP80YosgWCZu-xkqk5w,2016-12-10,1.0
_znCP80YosgWCZu-xkqk5w,2016-12-17,4.714285714285714
_znCP80YosgWCZu-xkqk5w,2017-01-07,3.0
_znCP80YosgWCZu-xkqk5w,2017-01-14,4.333333333333333
_znCP80YosgWCZu-xkqk5w,2017-01-28,3.0
_znCP80YosgWCZu-xkqk5w,2017-02-04,5.0
_znCP80YosgWCZu-xkqk5w,2017-03-04,3.0
_znCP80YosgWCZu-xkqk5w,2017-03-11,3.75
_znCP80YosgWCZu-xkqk5w,2017-03-18,3.5
_znCP80YosgWCZu-xkqk5w,2017-04-01,3.5
_znCP80YosgWCZu-xkqk5w,2017-04-08,4.666666666666667
_znCP80YosgWCZu-xkqk5w,2017-04-22,5.0
_znCP80YosgWCZu-xkqk5w,2017-04-29,5.0
_znCP80YosgWCZu-xkqk5w,2017-05-13,4.333333333333333
_znCP80YosgWCZu-xkqk5w,2017-05-20,5.0
_znCP80YosgWCZu-xkqk5w,2017-05-27,3.3333333333333335
_znCP80YosgWCZu-xkqk5w,2017-06-03,3.8
_znCP80YosgWCZu-xkqk5w,2017-06-17,4.0
_znCP80YosgWCZu-xkqk5w,2017-06-24,3.3333333333333335
_znCP80YosgWCZu-xkqk5w,2017-07-01,4.0
_znCP80YosgWCZu-xkqk5w,2017-07-08,3.0
_znCP80YosgWCZu-xkqk5w,2017-07-15,4.0
_znCP80YosgWCZu-xkqk5w,2017-07-22,4.0
_znCP80YosgWCZu-xkqk5w,2017-08-05,2.0
_znCP80YosgWCZu-xkqk5w,2017-08-12,3.0
_znCP80YosgWCZu-xkqk5w,2017-08-19,4.0
_znCP80YosgWCZu-xkqk5w,2017-08-26,3.25
_znCP80YosgWCZu-xkqk5w,2017-09-09,4.0
_znCP80YosgWCZu-xkqk5w,2017-09-16,2.0
_znCP80YosgWCZu-xkqk5w,2017-10-07,4.5
_znCP80YosgWCZu-xkqk5w,2017-10-14,5.0
_znCP80YosgWCZu-xkqk5w,2017-11-04,3.0
_znCP80YosgWCZu-xkqk5w,2017-11-25,5.0
_znCP80YosgWCZu-xkqk5w,2017-12-02,3.5
_znCP80YosgWCZu-xkqk5w,2017-12-09,3.6666666666666665
_znCP80YosgWCZu-xkqk5w,2017-12-16,5.0
_znCP80YosgWCZu-xkqk5w,2017-12-30,4.0
_znCP80YosgWCZu-xkqk5w,2018-01-06,5.0
_znCP80YosgWCZu-xkqk5w,2018-01-13,5.0
_znCP80YosgWCZu-xkqk5w,2018-01-27,5.0
_znCP80YosgWCZu-xkqk5w,2018-02-03,5.0
_znCP80YosgWCZu-xkqk5w,2018-02-10,4.0
_znCP80YosgWCZu-xkqk5w,2018-02-17,4.333333333333333
_znCP80YosgWCZu-xkqk5w,2018-02-24,5.0
_znCP80YosgWCZu-xkqk5w,2018-03-03,4.666666666666667
_znCP80YosgWCZu-xkqk5w,2018-03-10,2.0
_znCP80YosgWCZu-xkqk5w,2018-03-17,4.0
_znCP80YosgWCZu-xkqk5w,2018-03-24,4.0
_znCP80YosgWCZu-xkqk5w,2018-03-31,3.0
_znCP80YosgWCZu-xkqk5w,2018-04-14,4.0
_znCP80YosgWCZu-xkqk5w,2018-05-05,4.0
_znCP80YosgWCZu-xkqk5w,2018-05-12,3.0
_znCP80YosgWCZu-xkqk5w,2018-05-26,3.3333333333333335
_znCP80YosgWCZu-xkqk5w,2018-06-02,4.0
_znCP80YosgWCZu-xkqk5w,2018-06-23,3.0
_znCP80YosgWCZu-xkqk5w,2018-06-30,3.0
_znCP80YosgWCZu-xkqk5w,2018-07-14,5.0
_znCP80YosgWCZu-xkqk5w,2018-07-28,5.0
_znCP80YosgWCZu-xkqk5w,2018-08-04,4.0
_znCP80YosgWCZu-xkqk5w,2018-08-18,3.0
_znCP80YosgWCZu-xkqk5w,2018-08-25,4.0
_znCP80YosgWCZu-xkqk5w,2018-09-22,4.333333333333333
_znCP80YosgWCZu-xkqk5w,2018-09-29,5.0
_znCP80YosgWCZu-xkqk5w,2018-10-13,4.0
_znCP80YosgWCZu-xkqk5w,2018-10-27,5.0
_znCP80YosgWCZu-xkqk5w,2018-11-03,3.5
_znCP80YosgWCZu-xkqk5w,2018-11-10,4.5
_znCP80YosgWCZu-xkqk5w,2018-11-17,3.5
_znCP80YosgWCZu-xkqk5w,2018-12-08,5.0
_znCP80YosgWCZu-xkqk5w,2018-12-15,4.0
_znCP80YosgWCZu-xkqk5w,2018-12-22,2.0
_znCP80YosgWCZu-xkqk5w,2018-12-29,5.0
_znCP80YosgWCZu-xkqk5w,2019-01-05,3.5
_znCP80YosgWCZu-xkqk5w,2019-01-19,5.0
_znCP80YosgWCZu-xkqk5w,2019-02-02,3.0
_znCP80YosgWCZu-xkqk5w,2019-02-09,5.0
_znCP80YosgWCZu-xkqk5w,2019-02-16,5.0
_znCP80YosgWCZu-xkqk5w,2019-02-23,3.0
_znCP80YosgWCZu-xkqk5w,2019-03-02,5.0
_znCP80YosgWCZu-xkqk5w,2019-03-09,3.3333333333333335
_znCP80YosgWCZu-xkqk5w,2019-03-23,5.0
_znCP80YosgWCZu-xkqk5w,2019-03-30,3.0
_znCP80YosgWCZu-xkqk5w,2019-04-06,5.0
_znCP80YosgWCZu-xkqk5w,2019-04-20,3.0
_znCP80YosgWCZu-xkqk5w,2019-04-27,3.0
_znCP80YosgWCZu-xkqk5w,2019-05-11,5.0
_znCP80YosgWCZu-xkqk5w,2019-05-18,4.0
_znCP80YosgWCZu-xkqk5w,2019-05-25,4.0
_znCP80YosgWCZu-xkqk5w,2019-06-08,4.333333333333333
_znCP80YosgWCZu-xkqk5w,2019-06-15,4.5
_znCP80YosgWCZu-xkqk5w,2019-06-22,5.0
_znCP80YosgWCZu-xkqk5w,2019-06-29,4.0
_znCP80YosgWCZu-xkqk5w,2019-07-06,5.0
_znCP80YosgWCZu-xkqk5w,2019-08-10,5.0
_znCP80YosgWCZu-xkqk5w,2019-08-17,3.5
_znCP80YosgWCZu-xkqk5w,2019-08-31,5.0
_znCP80YosgWCZu-xkqk5w,2019-09-07,3.0
_znCP80YosgWCZu-xkqk5w,2019-09-21,2.5
_znCP80YosgWCZu-xkqk5w,2019-09-28,4.5
_znCP80YosgWCZu-xkqk5w,2019-10-26,4.5
_znCP80YosgWCZu-xkqk5w,2019-11-02,1.0
_znCP80YosgWCZu-xkqk5w,2019-11-09,4.5
_znCP80YosgWCZu-xkqk5w,2019-11-16,5.0
_znCP80YosgWCZu-xkqk5w,2019-11-23,5.0
_znCP80YosgWCZu-xkqk5w,2019-12-14,5.0
_znCP80YosgWCZu-xkqk5w,2019-12-21,3.0
_znCP80YosgWCZu-xkqk5w,2020-01-11,4.5
_znCP80YosgWCZu-xkqk5w,2020-01-18,4.5
_znCP80YosgWCZu-xkqk5w,2020-01-25,5.0
_znCP80YosgWCZu-xkqk5w,2020-02-01,4.0
_znCP80YosgWCZu-xkqk5w,2020-02-22,1.0
_znCP80YosgWCZu-xkqk5w,2020-02-29,1.0
_znCP80YosgWCZu-xkqk5w,2020-03-07,5.0
_znCP80YosgWCZu-xkqk5w,2020-03-14,4.0
_znCP80YosgWCZu-xkqk5w,2020-04-04,4.0
_znCP80YosgWCZu-xkqk5w,2020-05-30,5.0
_znCP80YosgWCZu-xkqk5w,2020-06-27,5.0
_znCP80YosgWCZu-xkqk5w,2020-08-01,5.0
_znCP80YosgWCZu-xkqk5w,2020-08-15,5.0
_znCP80YosgWCZu-xkqk5w,2020-10-10,4.0
_znCP80YosgWCZu-xkqk5w,2020-10-17,5.0
_znCP80YosgWCZu-xkqk5w,2020-10-31,5.0
_znCP80YosgWCZu-xkqk5w,2020-11-14,5.0
_znCP80YosgWCZu-xkqk5w,2020-12-05,5.0
_znCP80YosgWCZu-xkqk5w,2020-12-12,5.0
_znCP80YosgWCZu-xkqk5w,2021-01-30,4.0
_znCP80YosgWCZu-xkqk5w,2021-02-27,5.0
_znCP80YosgWCZu-xkqk5w,2021-03-06,1.0
_znCP80YosgWCZu-xkqk5w,2021-03-20,5.0
_znCP80YosgWCZu-xkqk5w,2021-03-27,4.666666666666667
_znCP80YosgWCZu-xkqk5w,2021-04-17,5.0
_znCP80YosgWCZu-xkqk5w,2021-05-08,5.0
_znCP80YosgWCZu-xkqk5w,2021-05-15,4.0
_znCP80YosgWCZu-xkqk5w,2021-05-29,5.0
_znCP80YosgWCZu-xkqk5w,2021-06-12,4.5
_znCP80YosgWCZu-xkqk5w,2021-06-19,5.0
_znCP80YosgWCZu-xkqk5w,2021-06-26,5.0
_znCP80YosgWCZu-xkqk5w,2021-07-10,5.0
_znCP80YosgWCZu-xkqk5w,2021-07-24,5.0
_znCP80YosgWCZu-xkqk5w,2021-07-31,5.0
_znCP80YosgWCZu-xkqk5w,2021-08-07,4.0
_znCP80YosgWCZu-xkqk5w,2021-08-14,5.0
_znCP80YosgWCZu-xkqk5w,2021-09-18,4.5
_znCP80YosgWCZu-xkqk5w,2021-09-25,4.0
_znCP80YosgWCZu-xkqk5w,2021-10-16,5.0
_znCP80YosgWCZu-xkqk5w,2021-11-20,5.0
_znCP80YosgWCZu-xkqk5w,2021-12-04,5.0
_znCP80YosgWCZu-xkqk5w,2021-12-11,4.0
_znCP80YosgWCZu-xkqk5w,2021-12-18,4.0
_znCP80YosgWCZu-xkqk5w,2021-12-25,3.0
_znCP80YosgWCZu-xkqk5w,2022-01-08,3.0
_znCP80YosgWCZu-xkqk5w,2022-02-05,5.0
_znCP80YosgWCZu-xkqk5w,2022-02-12,5.0
_znCP80YosgWCZu-xkqk5w,2022-02-19,3.5
_znCP80YosgWCZu-xkqk5w,2022-02-26,4.0
_znCP80YosgWCZu-xkqk5w,2022-03-05,3.0
_znCP80YosgWCZu-xkqk5w,2022-04-09,2.0
_znCP80YosgWCZu-xkqk5w,2022-04-16,4.5
_znCP80YosgWCZu-xkqk5w,2022-04-23,5.0
_znCP80YosgWCZu-xkqk5w,2022-05-14,5.0
_znCP80YosgWCZu-xkqk5w,2022-06-11,4.0
_znCP80YosgWCZu-xkqk5w,2022-06-18,4.0
_znCP80YosgWCZu-xkqk5w,2022-06-25,5.0
_znCP80YosgWCZu-xkqk5w,2022-07-09,5.0
_znCP80YosgWCZu-xkqk5w,2022-07-16,5.0
_znCP80YosgWCZu-xkqk5w,2022-07-23,5.0
_znCP80YosgWCZu-xkqk5w,2022-07-30,5.0
_znCP80YosgWCZu-xkqk5w,2022-08-06,4.5
_znCP80YosgWCZu-xkqk5w,2022-08-13,2.5
_znCP80YosgWCZu-xkqk5w,2022-08-20,5.0
_znCP80YosgWCZu-xkqk5w,2022-09-10,5.0
_znCP80YosgWCZu-xkqk5w,2022-09-17,3.0
_znCP80YosgWCZu-xkqk5w,2022-10-01,5.0
_znCP80YosgWCZu-xkqk5w,2022-10-08,5.0
_znCP80YosgWCZu-xkqk5w,2022-10-15,5.0
_znCP80YosgWCZu-xkqk5w,2022-11-05,5.0
_znCP80YosgWCZu-xkqk5w,2022-11-12,3.6666666666666665
_znCP80YosgWCZu-xkqk5w,2022-11-26,5.0
_znCP80YosgWCZu-xkqk5w,2022-12-10,3.0
_znCP80YosgWCZu-xkqk5w,2022-12-17,4.0
_znCP80YosgWCZu-xkqk5w,2022-12-31,4.0
_znCP80YosgWCZu-xkqk5w,2023-02-04,5.0
_znCP80YosgWCZu-xkqk5w,2023-02-11,4.666666666666667
_znCP80YosgWCZu-xkqk5w,2023-02-25,4.0
_znCP80YosgWCZu-xkqk5w,2023-03-04,1.0
_znCP80YosgWCZu-xkqk5w,2023-03-11,5.0
_znCP80YosgWCZu-xkqk5w,2023-03-18,5.0
_znCP80YosgWCZu-xkqk5w,2023-03-25,4.0
_znCP80YosgWCZu-xkqk5w,2023-04-08,5.0
_znCP80YosgWCZu-xkqk5w,2023-04-15,5.0
_znCP80YosgWCZu-xkqk5w,2023-04-22,5.0
_znCP80YosgWCZu-xkqk5w,2023-04-29,3.5
_znCP80YosgWCZu-xkqk5w,2023-05-06,4.5
_znCP80YosgWCZu-xkqk5w,2023-06-03,4.0
_znCP80YosgWCZu-xkqk5w,2023-06-10,4.5
_znCP80YosgWCZu-xkqk5w,2023-06-24,4.0
_znCP80YosgWCZu-xkqk5w,2023-07-08,5.0
_znCP80YosgWCZu-xkqk5w,2023-07-15,4.5
_znCP80YosgWCZu-xkqk5w,2023-07-22,4.0
_znCP80YosgWCZu-xkqk5w,2023-07-29,3.3333333333333335
_znCP80YosgWCZu-xkqk5w,2023-08-05,5.0
_znCP80YosgWCZu-xkqk5w,2023-08-19,5.0
_znCP80YosgWCZu-xkqk5w,2023-08-26,5.0
_znCP80YosgWCZu-xkqk5w,2023-09-02,5.0
ceywr-Y82kXrOnGq7OS30g,2005-06-04,5.0
ceywr-Y82kXrOnGq7OS30g,2005-07-09,5.0
ceywr-Y82kXrOnGq7OS30g,2005-10-29,3.0
ceywr-Y82kXrOnGq7OS30g,2005-12-10,1.0
ceywr-Y82kXrOnGq7OS30g,2006-01-28,3.0
ceywr-Y82kXrOnGq7OS30g,2006-03-11,4.0
ceywr-Y82kXrOnGq7OS30g,2006-06-17,5.0
ceywr-Y82kXrOnGq7OS30g,2006-10-07,3.0
ceywr-Y82kXrOnGq7OS30g,2006-12-02,1.0
ceywr-Y82kXrOnGq7OS30g,2006-12-09,4.0
ceywr-Y82kXrOnGq7OS30g,2007-01-27,3.0
ceywr-Y82kXrOnGq7OS30g,2007-04-21,5.0
ceywr-Y82kXrOnGq7OS30g,2007-05-12,4.0
ceywr-Y82kXrOnGq7OS30g,2007-07-14,3.0
ceywr-Y82kXrOnGq7OS30g,2007-10-06,4.0
ceywr-Y82kXrOnGq7OS30g,2008-01-26,2.0
ceywr-Y82kXrOnGq7OS30g,2008-07-05,4.0
ceywr-Y82kXrOnGq7OS30g,2008-08-02,1.0
ceywr-Y82kXrOnGq7OS30g,2008-12-06,5.0
ceywr-Y82kXrOnGq7OS30g,2009-02-07,4.0
ceywr-Y82kXrOnGq7OS30g,2009-03-07,2.0
ceywr-Y82kXrOnGq7OS30g,2009-03-28,3.0
ceywr-Y82kXrOnGq7OS30g,2009-05-16,3.0
ceywr-Y82kXrOnGq7OS30g,2009-06-13,2.0
ceywr-Y82kXrOnGq7OS30g,2009-08-22,4.0
ceywr-Y82kXrOnGq7OS30g,2009-10-03,4.0
ceywr-Y82kXrOnGq7OS30g,2009-10-10,3.0
ceywr-Y82kXrOnGq7OS30g,2009-10-17,3.0
ceywr-Y82kXrOnGq7OS30g,2010-01-16,3.0
ceywr-Y82kXrOnGq7OS30g,2010-01-30,2.0
ceywr-Y82kXrOnGq7OS30g,2010-04-24,1.0
ceywr-Y82kXrOnGq7OS30g,2010-12-25,3.0
ceywr-Y82kXrOnGq7OS30g,2011-02-26,4.0
ceywr-Y82kXrOnGq7OS30g,2011-05-07,5.0
ceywr-Y82kXrOnGq7OS30g,2011-08-20,5.0
ceywr-Y82kXrOnGq7OS30g,2011-10-08,4.0
ceywr-Y82kXrOnGq7OS30g,2011-12-24,5.0
ceywr-Y82kXrOnGq7OS30g,2012-01-07,4.0
ceywr-Y82kXrOnGq7OS30g,2012-02-18,4.0
ceywr-Y82kXrOnGq7OS30g,2012-02-25,4.0
ceywr-Y82kXrOnGq7OS30g,2012-10-27,1.0
ceywr-Y82kXrOnGq7OS30g,2012-11-17,3.0
ceywr-Y82kXrOnGq7OS30g,2012-12-29,4.0
ceywr-Y82kXrOnGq7OS30g,2013-08-17,4.0
ceywr-Y82kXrOnGq7OS30g,2013-08-31,4.0
ceywr-Y82kXrOnGq7OS30g,2013-10-26,2.0
ceywr-Y82kXrOnGq7OS30g,2013-12-07,4.0
ceywr-Y82kXrOnGq7OS30g,2013-12-28,3.0
ceywr-Y82kXrOnGq7OS30g,2014-10-04,5.0
ceywr-Y82kXrOnGq7OS30g,2014-12-27,4.0
ceywr-Y82kXrOnGq7OS30g,2015-02-21,4.0
ceywr-Y82kXrOnGq7OS30g,2015-04-18,5.0
ceywr-Y82kXrOnGq7OS30g,2015-08-29,4.0
ceywr-Y82kXrOnGq7OS30g,2015-09-05,2.0
ceywr-Y82kXrOnGq7OS30g,2016-03-26,5.0
ceywr-Y82kXrOnGq7OS30g,2016-08-27,5.0
ceywr-Y82kXrOnGq7OS30g,2016-10-01,5.0
ceywr-Y82kXrOnGq7OS30g,2016-12-10,5.0
ceywr-Y82kXrOnGq7OS30g,2016-12-24,5.0
ceywr-Y82kXrOnGq7OS30g,2017-01-14,5.0
ceywr-Y82kXrOnGq7OS30g,2017-01-28,5.0
ceywr-Y82kXrOnGq7OS30g,2017-04-01,3.0
ceywr-Y82kXrOnGq7OS30g,2017-06-03,4.0
ceywr-Y82kXrOnGq7OS30g,2017-09-09,1.0
ceywr-Y82kXrOnGq7OS30g,2017-09-16,2.5
ceywr-Y82kXrOnGq7OS30g,2017-12-02,5.0
ceywr-Y82kXrOnGq7OS30g,2018-04-14,4.0
ceywr-Y82kXrOnGq7OS30g,2018-06-02,5.0
ceywr-Y82kXrOnGq7OS30g,2018-06-23,5.0
ceywr-Y82kXrOnGq7OS30g,2018-10-20,5.0
ceywr-Y82kXrOnGq7OS30g,2018-10-27,4.0
ceywr-Y82kXrOnGq7OS30g,2019-04-13,5.0
ceywr-Y82kXrOnGq7OS30g,2019-04-20,4.5
ceywr-Y82kXrOnGq7OS30g,2019-07-06,5.0
ceywr-Y82kXrOnGq7OS30g,2019-07-13,5.0
ceywr-Y82kXrOnGq7OS30g,2019-08-24,1.0
ceywr-Y82kXrOnGq7OS30g,2019-09-28,5.0
ceywr-Y82kXrOnGq7OS30g,2019-11-30,5.0
ceywr-Y82kXrOnGq7OS30g,2020-02-15,1.0
ceywr-Y82kXrOnGq7OS30g,2020-02-29,5.0
ceywr-Y82kXrOnGq7OS30g,2020-04-11,4.0
ceywr-Y82kXrOnGq7OS30g,2020-08-15,5.0
ceywr-Y82kXrOnGq7OS30g,2020-09-26,5.0
ceywr-Y82kXrOnGq7OS30g,2021-01-30,5.0
ceywr-Y82kXrOnGq7OS30g,2021-02-20,5.0
ceywr-Y82kXrOnGq7OS30g,2021-05-08,5.0
ceywr-Y82kXrOnGq7OS30g,2021-06-05,5.0
ceywr-Y82kXrOnGq7OS30g,2021-08-21,1.0
ceywr-Y82kXrOnGq7OS30g,2021-11-20,4.0
ceywr-Y82kXrOnGq7OS30g,2022-01-29,5.0
ceywr-Y82kXrOnGq7OS30g,2022-02-19,5.0
ceywr-Y82kXrOnGq7OS30g,2022-04-02,3.0
ceywr-Y82kXrOnGq7OS30g,2022-08-27,4.0
ceywr-Y82kXrOnGq7OS30g,2022-09-17,5.0
ceywr-Y82kXrOnGq7OS30g,2022-09-24,5.0
ceywr-Y82kXrOnGq7OS30g,2022-10-22,5.0
ceywr-Y82kXrOnGq7OS30g,2022-10-29,3.0
ceywr-Y82kXrOnGq7OS30g,2022-12-24,5.0
ceywr-Y82kXrOnGq7OS30g,2023-01-21,5.0
ceywr-Y82kXrOnGq7OS30g,2023-01-28,5.0
ceywr-Y82kXrOnGq7OS30g,2023-02-04,5.0
ceywr-Y82kXrOnGq7OS30g,2023-02-18,4.0
ceywr-Y82kXrOnGq7OS30g,2023-03-11,4.0
ceywr-Y82kXrOnGq7OS30g,2023-03-25,4.0
ceywr-Y82kXrOnGq7OS30g,2023-05-20,5.0
ceywr-Y82kXrOnGq7OS30g,2023-06-17,3.5
ceywr-Y82kXrOnGq7OS30g,2023-07-15,4.5
gB5RedZ_SrOGz_d3mGLT6w,2016-03-12,3.0
gB5RedZ_SrOGz_d3mGLT6w,2016-03-19,3.0
gB5RedZ_SrOGz_d3mGLT6w,2016-03-26,3.0
gB5RedZ_SrOGz_d3mGLT6w,2016-05-14,2.0
gB5RedZ_SrOGz_d3mGLT6w,2016-06-04,3.0
gB5RedZ_SrOGz_d3mGLT6w,2016-07-09,2.0
gB5RedZ_SrOGz_d3mGLT6w,2016-08-06,2.0
gB5RedZ_SrOGz_d3mGLT6w,2016-09-03,2.0
gB5RedZ_SrOGz_d3mGLT6w,2016-10-08,1.0
gB5RedZ_SrOGz_d3mGLT6w,2016-10-15,5.0
gB5RedZ_SrOGz_d3mGLT6w,2016-11-26,1.0
gB5RedZ_SrOGz_d3mGLT6w,2017-01-07,3.0
gB5RedZ_SrOGz_d3mGLT6w,2017-03-18,5.0
gB5RedZ_SrOGz_d3mGLT6w,2017-03-25,2.0
gB5RedZ_SrOGz_d3mGLT6w,2017-04-08,2.0
gB5RedZ_SrOGz_d3mGLT6w,2017-04-29,2.0
gB5RedZ_SrOGz_d3mGLT6w,2017-06-17,5.0
gB5RedZ_SrOGz_d3mGLT6w,2017-06-24,5.0
gB5RedZ_SrOGz_d3mGLT6w,2017-07-01,3.0
gB5RedZ_SrOGz_d3mGLT6w,2017-07-08,3.0
gB5RedZ_SrOGz_d3mGLT6w,2017-07-22,5.0
gB5RedZ_SrOGz_d3mGLT6w,2017-08-26,1.0
gB5RedZ_SrOGz_d3mGLT6w,2017-09-02,4.0
gB5RedZ_SrOGz_d3mGLT6w,2017-09-09,1.0
gB5RedZ_SrOGz_d3mGLT6w,2017-09-16,5.0
gB5RedZ_SrOGz_d3mGLT6w,2017-09-23,5.0
gB5RedZ_SrOGz_d3mGLT6w,2017-09-30,4.0
gB5RedZ_SrOGz_d3mGLT6w,2017-11-04,1.0
gB5RedZ_SrOGz_d3mGLT6w,2017-11-25,4.0
gB5RedZ_SrOGz_d3mGLT6w,2017-12-16,3.0
gB5RedZ_SrOGz_d3mGLT6w,2017-12-23,2.0
gB5RedZ_SrOGz_d3mGLT6w,2018-02-03,3.0
gB5RedZ_SrOGz_d3mGLT6w,2018-02-10,5.0
gB5RedZ_SrOGz_d3mGLT6w,2018-02-24,5.0
gB5RedZ_SrOGz_d3mGLT6w,2018-03-31,4.0
gB5RedZ_SrOGz_d3mGLT6w,2018-04-07,5.0
gB5RedZ_SrOGz_d3mGLT6w,2018-04-28,1.0
gB5RedZ_SrOGz_d3mGLT6w,2018-05-19,5.0
gB5RedZ_SrOGz_d3mGLT6w,2018-06-09,5.0
gB5RedZ_SrOGz_d3mGLT6w,2018-07-21,2.0
gB5RedZ_SrOGz_d3mGLT6w,2018-09-01,3.0
gB5RedZ_SrOGz_d3mGLT6w,2018-09-29,5.0
gB5RedZ_SrOGz_d3mGLT6w,2018-12-01,5.0
gB5RedZ_SrOGz_d3mGLT6w,2019-01-19,3.5
gB5RedZ_SrOGz_d3mGLT6w,2019-03-02,5.0
gB5RedZ_SrOGz_d3mGLT6w,2019-05-25,2.0
gB5RedZ_SrOGz_d3mGLT6w,2019-06-01,5.0
gB5RedZ_SrOGz_d3mGLT6w,2019-07-13,1.5
gB5RedZ_SrOGz_d3mGLT6w,2019-08-03,1.0
gB5RedZ_SrOGz_d3mGLT6w,2019-08-24,4.0
gB5RedZ_SrOGz_d3mGLT6w,2019-08-31,1.0
gB5RedZ_SrOGz_d3mGLT6w,2019-09-07,4.0
gB5RedZ_SrOGz_d3mGLT6w,2019-10-12,5.0
gB5RedZ_SrOGz_d3mGLT6w,2019-10-26,2.0
gB5RedZ_SrOGz_d3mGLT6w,2019-11-09,1.0
gB5RedZ_SrOGz_d3mGLT6w,2019-12-14,5.0
gB5RedZ_SrOGz_d3mGLT6w,2019-12-28,4.0
gB5RedZ_SrOGz_d3mGLT6w,2020-01-11,3.0
gB5RedZ_SrOGz_d3mGLT6w,2020-02-01,3.0
gB5RedZ_SrOGz_d3mGLT6w,2020-02-08,5.0
gB5RedZ_SrOGz_d3mGLT6w,2020-02-15,4.0
gB5RedZ_SrOGz_d3mGLT6w,2020-02-22,4.0
gB5RedZ_SrOGz_d3mGLT6w,2020-07-25,5.0
gB5RedZ_SrOGz_d3mGLT6w,2020-08-22,1.0
gB5RedZ_SrOGz_d3mGLT6w,2020-09-12,4.0
gB5RedZ_SrOGz_d3mGLT6w,2020-10-03,5.0
gB5RedZ_SrOGz_d3mGLT6w,2020-10-17,3.0
gB5RedZ_SrOGz_d3mGLT6w,2020-11-21,4.0
gB5RedZ_SrOGz_d3mGLT6w,2021-05-15,5.0
gB5RedZ_SrOGz_d3mGLT6w,2021-06-26,1.5
gB5RedZ_SrOGz_d3mGLT6w,2021-07-31,4.0
gB5RedZ_SrOGz_d3mGLT6w,2021-08-14,1.0
gB5RedZ_SrOGz_d3mGLT6w,2021-11-06,5.0
gB5RedZ_SrOGz_d3mGLT6w,2021-12-04,4.0
gB5RedZ_SrOGz_d3mGLT6w,2022-01-01,4.0
gB5RedZ_SrOGz_d3mGLT6w,2022-01-29,4.0
gB5RedZ_SrOGz_d3mGLT6w,2022-02-12,5.0
gB5RedZ_SrOGz_d3mGLT6w,2022-03-26,1.0
gB5RedZ_SrOGz_d3mGLT6w,2022-05-21,5.0
gB5RedZ_SrOGz_d3mGLT6w,2022-05-28,3.0
gB5RedZ_SrOGz_d3mGLT6w,2022-06-04,5.0
gB5RedZ_SrOGz_d3mGLT6w,2022-06-11,3.0
gB5RedZ_SrOGz_d3mGLT6w,2022-07-02,5.0
gB5RedZ_SrOGz_d3mGLT6w,2022-08-06,1.0
gB5RedZ_SrOGz_d3mGLT6w,2022-09-10,3.0
gB5RedZ_SrOGz_d3mGLT6w,2022-12-17,3.0
gB5RedZ_SrOGz_d3mGLT6w,2022-12-24,5.0
gB5RedZ_SrOGz_d3mGLT6w,2022-12-31,2.0
gB5RedZ_SrOGz_d3mGLT6w,2023-01-07,4.0
gB5RedZ_SrOGz_d3mGLT6w,2023-01-14,4.0
gB5RedZ_SrOGz_d3mGLT6w,2023-02-25,5.0
gB5RedZ_SrOGz_d3mGLT6w,2023-03-25,3.5
gB5RedZ_SrOGz_d3mGLT6w,2023-04-01,5.0
gB5RedZ_SrOGz_d3mGLT6w,2023-07-29,5.0
gB5RedZ_SrOGz_d3mGLT6w,2023-08-05,2.0
gB5RedZ_SrOGz_d3mGLT6w,2023-09-09,3.0
lXMdrPSUmA9HfoHosOvzbQ,2020-01-04,5.0
lXMdrPSUmA9HfoHosOvzbQ,2020-01-11,5.0
lXMdrPSUmA9HfoHosOvzbQ,2020-01-18,3.7142857142857144
lXMdrPSUmA9HfoHosOvzbQ,2020-01-25,5.0
lXMdrPSUmA9HfoHosOvzbQ,2020-02-01,4.25
lXMdrPSUmA9HfoHosOvzbQ,2020-02-08,3.5
lXMdrPSUmA9HfoHosOvzbQ,2020-02-15,3.25
lXMdrPSUmA9HfoHosOvzbQ,2020-02-22,2.75
lXMdrPSUmA9HfoHosOvzbQ,2020-02-29,3.25
lXMdrPSUmA9HfoHosOvzbQ,2020-03-07,4.8
lXMdrPSUmA9HfoHosOvzbQ,2020-03-14,4.75
lXMdrPSUmA9HfoHosOvzbQ,2020-03-21,5.0
lXMdrPSUmA9HfoHosOvzbQ,2020-03-28,5.0
lXMdrPSUmA9HfoHosOvzbQ,2020-04-04,5.0
lXMdrPSUmA9HfoHosOvzbQ,2020-04-11,5.0
lXMdrPSUmA9HfoHosOvzbQ,2020-04-18,3.0
lXMdrPSUmA9HfoHosOvzbQ,2020-04-25,3.8
lXMdrPSUmA9HfoHosOvzbQ,2020-05-02,5.0
lXMdrPSUmA9HfoHosOvzbQ,2020-05-09,4.5
lXMdrPSUmA9HfoHosOvzbQ,2020-05-16,5.0
lXMdrPSUmA9HfoHosOvzbQ,2020-05-23,5.0
lXMdrPSUmA9HfoHosOvzbQ,2020-06-06,3.5
lXMdrPSUmA9HfoHosOvzbQ,2020-06-13,4.0
lXMdrPSUmA9HfoHosOvzbQ,2020-06-20,4.333333333333333
lXMdrPSUmA9HfoHosOvzbQ,2020-06-27,5.0
lXMdrPSUmA9HfoHosOvzbQ,2020-07-04,4.0
lXMdrPSUmA9HfoHosOvzbQ,2020-07-11,5.0
lXMdrPSUmA9HfoHosOvzbQ,2020-07-18,4.5
lXMdrPSUmA9HfoHosOvzbQ,2020-07-25,4.0
lXMdrPSUmA9HfoHosOvzbQ,2020-08-01,4.0
lXMdrPSUmA9HfoHosOvzbQ,2020-08-22,3.0
lXMdrPSUmA9HfoHosOvzbQ,2020-08-29,4.5
lXMdrPSUmA9HfoHosOvzbQ,2020-09-12,3.0
lXMdrPSUmA9HfoHosOvzbQ,2020-09-19,5.0
lXMdrPSUmA9HfoHosOvzbQ,2020-09-26,5.0
lXMdrPSUmA9HfoHosOvzbQ,2020-10-10,3.0
lXMdrPSUmA9HfoHosOvzbQ,2020-10-17,2.0
lXMdrPSUmA9HfoHosOvzbQ,2020-10-24,4.0
lXMdrPSUmA9HfoHosOvzbQ,2020-10-31,4.5
lXMdrPSUmA9HfoHosOvzbQ,2020-11-07,4.0
lXMdrPSUmA9HfoHosOvzbQ,2020-11-14,2.5
lXMdrPSUmA9HfoHosOvzbQ,2020-11-21,5.0
lXMdrPSUmA9HfoHosOvzbQ,2020-12-05,4.5
lXMdrPSUmA9HfoHosOvzbQ,2020-12-12,5.0
lXMdrPSUmA9HfoHosOvzbQ,2020-12-26,3.6666666666666665
lXMdrPSUmA9HfoHosOvzbQ,2021-01-02,4.666666666666667
lXMdrPSUmA9HfoHosOvzbQ,2021-01-09,2.0
lXMdrPSUmA9HfoHosOvzbQ,2021-01-16,4.0
lXMdrPSUmA9HfoHosOvzbQ,2021-01-23,5.0
lXMdrPSUmA9HfoHosOvzbQ,2021-01-30,3.0
lXMdrPSUmA9HfoHosOvzbQ,2021-02-06,4.0
lXMdrPSUmA9HfoHosOvzbQ,2021-02-13,4.666666666666667
lXMdrPSUmA9HfoHosOvzbQ,2021-02-20,5.0
lXMdrPSUmA9HfoHosOvzbQ,2021-02-27,3.5
lXMdrPSUmA9HfoHosOvzbQ,2021-03-06,4.0
lXMdrPSUmA9HfoHosOvzbQ,2021-03-13,3.0
lXMdrPSUmA9HfoHosOvzbQ,2021-03-20,4.5
lXMdrPSUmA9HfoHosOvzbQ,2021-04-03,4.5
lXMdrPSUmA9HfoHosOvzbQ,2021-04-17,4.0
lXMdrPSUmA9HfoHosOvzbQ,2021-04-24,4.5
lXMdrPSUmA9HfoHosOvzbQ,2021-05-01,2.5
lXMdrPSUmA9HfoHosOvzbQ,2021-05-08,1.0
lXMdrPSUmA9HfoHosOvzbQ,2021-05-29,2.0
lXMdrPSUmA9HfoHosOvzbQ,2021-06-05,5.0
lXMdrPSUmA9HfoHosOvzbQ,2021-06-12,4.666666666666667
lXMdrPSUmA9HfoHosOvzbQ,2021-06-19,4.0
lXMdrPSUmA9HfoHosOvzbQ,2021-06-26,4.5
lXMdrPSUmA9HfoHosOvzbQ,2021-07-03,4.5
lXMdrPSUmA9HfoHosOvzbQ,2021-07-10,3.0
lXMdrPSUmA9HfoHosOvzbQ,2021-07-17,5.0
lXMdrPSUmA9HfoHosOvzbQ,2021-07-24,2.0
lXMdrPSUmA9HfoHosOvzbQ,2021-07-31,3.4
lXMdrPSUmA9HfoHosOvzbQ,2021-08-07,5.0
lXMdrPSUmA9HfoHosOvzbQ,2021-08-14,5.0
lXMdrPSUmA9HfoHosOvzbQ,2021-08-21,4.0
lXMdrPSUmA9HfoHosOvzbQ,2021-08-28,3.0
lXMdrPSUmA9HfoHosOvzbQ,2021-09-04,2.0
lXMdrPSUmA9HfoHosOvzbQ,2021-09-11,4.0
lXMdrPSUmA9HfoHosOvzbQ,2021-10-02,5.0
lXMdrPSUmA9HfoHosOvzbQ,2021-10-30,3.6666666666666665
lXMdrPSUmA9HfoHosOvzbQ,2021-11-13,5.0
lXMdrPSUmA9HfoHosOvzbQ,2021-12-04,2.0
lXMdrPSUmA9HfoHosOvzbQ,2021-12-11,3.0
lXMdrPSUmA9HfoHosOvzbQ,2021-12-18,4.0
lXMdrPSUmA9HfoHosOvzbQ,2022-01-01,4.0
lXMdrPSUmA9HfoHosOvzbQ,2022-01-08,3.5
lXMdrPSUmA9HfoHosOvzbQ,2022-01-15,4.0
lXMdrPSUmA9HfoHosOvzbQ,2022-01-22,5.0
lXMdrPSUmA9HfoHosOvzbQ,2022-01-29,4.0
lXMdrPSUmA9HfoHosOvzbQ,2022-02-12,5.0
lXMdrPSUmA9HfoHosOvzbQ,2022-02-26,4.0
lXMdrPSUmA9HfoHosOvzbQ,2022-03-05,4.75
lXMdrPSUmA9HfoHosOvzbQ,2022-03-12,2.0
lXMdrPSUmA9HfoHosOvzbQ,2022-03-19,4.0
lXMdrPSUmA9HfoHosOvzbQ,2022-04-02,4.666666666666667
lXMdrPSUmA9HfoHosOvzbQ,2022-04-09,5.0
lXMdrPSUmA9HfoHosOvzbQ,2022-04-16,3.5
lXMdrPSUmA9HfoHosOvzbQ,2022-04-30,5.0
lXMdrPSUmA9HfoHosOvzbQ,2022-05-07,4.0
lXMdrPSUmA9HfoHosOvzbQ,2022-05-14,3.0
lXMdrPSUmA9HfoHosOvzbQ,2022-05-28,3.5
lXMdrPSUmA9HfoHosOvzbQ,2022-06-04,4.333333333333333
lXMdrPSUmA9HfoHosOvzbQ,2022-06-11,4.0
lXMdrPSUmA9HfoHosOvzbQ,2022-06-18,5.0
lXMdrPSUmA9HfoHosOvzbQ,2022-06-25,2.3333333333333335
lXMdrPSUmA9HfoHosOvzbQ,2022-07-02,3.3333333333333335
lXMdrPSUmA9HfoHosOvzbQ,2022-07-09,4.0
lXMdrPSUmA9HfoHosOvzbQ,2022-07-16,4.333333333333333
lXMdrPSUmA9HfoHosOvzbQ,2022-07-23,5.0
lXMdrPSUmA9HfoHosOvzbQ,2022-07-30,3.5
lXMdrPSUmA9HfoHosOvzbQ,2022-08-13,4.0
lXMdrPSUmA9HfoHosOvzbQ,2022-08-20,4.0
lXMdrPSUmA9HfoHosOvzbQ,2022-09-03,4.666666666666667
lXMdrPSUmA9HfoHosOvzbQ,2022-09-10,5.0
lXMdrPSUmA9HfoHosOvzbQ,2022-09-17,4.666666666666667
lXMdrPSUmA9HfoHosOvzbQ,2022-09-24,4.5
lXMdrPSUmA9HfoHosOvzbQ,2022-10-01,4.0
lXMdrPSUmA9HfoHosOvzbQ,2022-10-08,5.0
lXMdrPSUmA9HfoHosOvzbQ,2022-10-15,4.5
lXMdrPSUmA9HfoHosOvzbQ,2022-10-22,4.0
lXMdrPSUmA9HfoHosOvzbQ,2022-10-29,4.0
lXMdrPSUmA9HfoHosOvzbQ,2022-11-05,4.0
lXMdrPSUmA9HfoHosOvzbQ,2022-11-12,3.6666666666666665
lXMdrPSUmA9HfoHosOvzbQ,2022-11-19,4.0
lXMdrPSUmA9HfoHosOvzbQ,2022-12-03,5.0
lXMdrPSUmA9HfoHosOvzbQ,2022-12-17,5.0
lXMdrPSUmA9HfoHosOvzbQ,2022-12-31,4.666666666666667
lXMdrPSUmA9HfoHosOvzbQ,2023-01-07,4.0
lXMdrPSUmA9HfoHosOvzbQ,2023-01-21,3.6666666666666665
lXMdrPSUmA9HfoHosOvzbQ,2023-02-04,3.75
lXMdrPSUmA9HfoHosOvzbQ,2023-02-11,2.3333333333333335
lXMdrPSUmA9HfoHosOvzbQ,2023-02-18,5.0
lXMdrPSUmA9HfoHosOvzbQ,2023-02-25,4.6
lXMdrPSUmA9HfoHosOvzbQ,2023-03-04,3.0
lXMdrPSUmA9HfoHosOvzbQ,2023-03-11,3.6666666666666665
lXMdrPSUmA9HfoHosOvzbQ,2023-03-18,4.5
lXMdrPSUmA9HfoHosOvzbQ,2023-03-25,4.0
lXMdrPSUmA9HfoHosOvzbQ,2023-04-01,3.75
lXMdrPSUmA9HfoHosOvzbQ,2023-04-08,4.0
lXMdrPSUmA9HfoHosOvzbQ,2023-04-15,4.5
lXMdrPSUmA9HfoHosOvzbQ,2023-04-22,3.5
lXMdrPSUmA9HfoHosOvzbQ,2023-04-29,3.6666666666666665
lXMdrPSUmA9HfoHosOvzbQ,2023-05-20,3.0
lXMdrPSUmA9HfoHosOvzbQ,2023-05-27,5.0
lXMdrPSUmA9HfoHosOvzbQ,2023-06-03,3.0
lXMdrPSUmA9HfoHosOvzbQ,2023-06-10,4.0
lXMdrPSUmA9HfoHosOvzbQ,2023-06-17,4.5
lXMdrPSUmA9HfoHosOvzbQ,2023-06-24,4.0
lXMdrPSUmA9HfoHosOvzbQ,2023-07-01,3.0
lXMdrPSUmA9HfoHosOvzbQ,2023-07-08,3.0
lXMdrPSUmA9HfoHosOvzbQ,2023-07-15,4.0
lXMdrPSUmA9HfoHosOvzbQ,2023-07-22,5.0
lXMdrPSUmA9HfoHosOvzbQ,2023-07-29,3.5
lXMdrPSUmA9HfoHosOvzbQ,2023-08-05,4.5
lXMdrPSUmA9HfoHosOvzbQ,2023-08-19,3.0
lXMdrPSUmA9HfoHosOvzbQ,2023-08-26,4.4
lXMdrPSUmA9HfoHosOvzbQ,2023-09-02,2.5
lXMdrPSUmA9HfoHosOvzbQ,2023-09-09,5.0
